<?xml version="1.0" encoding="UTF-8"?>
<!DOCTYPE log4j:configuration SYSTEM "log4j.dtd">

<log4j:configuration xmlns:log4j="http://jakarta.apache.org/log4j/">
	<appender name="console" class="org.apache.log4j.ConsoleAppender">
		<param name="Target" value="System.out" />
		<layout class="org.apache.log4j.PatternLayout">
			<param name="ConversionPattern" value="%-5p %c{1} - %m%n" />
		</layout>
	</appender>

	<appender name="file" class="org.apache.log4j.FileAppender">
		<param name="file" value="profiles/performance.log" />
		<param name="append" value="false" />
		<layout class="org.apache.log4j.PatternLayout">
			<param name="ConversionPattern" value="%-5p %c{1} - %m%n" />
		</layout>
	</appender>

	<logger name="perf">
		<level value="debug" />
	</logger>

	<root>
		<priority value="debug" />
		<appender-ref ref="console" />
		<appender-ref ref="file" />
	</root>

</log4j:configuration>